id;first_name;last_name;email;address;phone
1;Carlos;Fernández;carlos.fernandez@email.com;Calle Principal 123;+54 11 4567-8901
2;María;González;maria.gonzalez@email.com;Av. Libertador 456;+54 11 4567-8902
3;Juan;Rodríguez;juan.rodriguez@email.com;San Martín 789;+54 11 4567-8903
4;Ana;López;ana.lopez@email.com;Belgrano 321;+54 11 4567-8904
5;Pedro;Martínez;pedro.martinez@email.com;Rivadavia 654;+54 11 4567-8905
6;Laura;Sánchez;laura.sanchez@email.com;Mitre 987;+54 11 4567-8906
7;Diego;Ramírez;diego.ramirez@email.com;Córdoba 147;+54 11 4567-8907
8;Sofía;Torres;sofia.torres@email.com;Santa Fe 258;+54 11 4567-8908
9;Martín;Flores;martin.flores@email.com;Corrientes 369;+54 11 4567-8909
10;Valentina;Morales;valentina.morales@email.com;Entre Ríos 741;+54 11 4567-8910
11;Lucas;Benítez;lucas.benitez@email.com;Tucumán 852;+54 11 4567-8911
12;Camila;Castro;camila.castro@email.com;Jujuy 963;+54 11 4567-8912
13;Facundo;Romero;facundo.romero@email.com;Salta 159;+54 11 4567-8913
14;Agustina;Vega;agustina.vega@email.com;Mendoza 357;+54 11 4567-8914
15;Nicolás;Silva;nicolas.silva@email.com;La Plata 486;+54 11 4567-8915
